﻿<?xml version="1.0" encoding="UTF-8" standalone="yes"?>
<addon id="repository.tva.smu" name="TVAddons UrlResolver Repository" version="1.0.0" provider-name="tknorris">
    <extension point="xbmc.addon.repository" name="TVAddons script.module.urlresolver Repository">
        <info compressed="false">https://offshoregit.com/tvaresolvers/tva-smu-repository/raw/master/addons.xml</info>
        <checksum>https://offshoregit.com/tvaresolvers/tva-smu-repository/raw/master/addons.xml.md5</checksum>
        <datadir zip="true">https://offshoregit.com/tvaresolvers/tva-smu-repository/raw/master/zips/</datadir>
    </extension>
    <extension point="xbmc.addon.metadata">
        <summary>TVAddons Repository for script.module.urlresolver</summary>
        <description>This repository contains intermediate builds of script.module.urlresolver</description>
        <platform>all</platform>
    </extension>
</addon>

