﻿<?xml version="1.0" encoding="UTF-8" standalone="yes"?>
<addon id="repository.tva.smu" name="TVADDONS.ag UrlResolver Repository" version="1.0.0" provider-name="tvaddons.ag">
    <extension point="xbmc.addon.repository" name="TVADDONS.ag UrlResolver Repository">
        <info compressed="false">https://offshoregit.com/tvaresolvers/tva-smu-repository/raw/master/addons.xml</info>
        <checksum>https://offshoregit.com/tvaresolvers/tva-smu-repository/raw/master/addons.xml.md5</checksum>
        <datadir zip="true">https://offshoregit.com/tvaresolvers/tva-smu-repository/raw/master/zips/</datadir>
    </extension>
    <extension point="xbmc.addon.metadata">
        <summary>Faster Updating of Resolvers for Kodi</summary>
        <description>This repository contains intermediate builds of script.module.urlresolver, Brought to you by TVADDONS.ag</description>
        <platform>all</platform>
    </extension>
</addon>

